Wavelength (nm), Relative Intensity (%)
199.9979705810547,0.17975582992448066
200.16763305664062,0.18288260408633605
200.33726501464844,0.15629226615655584
200.50686645507812,0.12992019813739525
200.6764373779297,0.1500852834740511
200.84596252441406,0.12330153358935025
201.01547241210938,0.1545315613614652
201.1849365234375,0.12820735471014635
201.3543701171875,0.12342570991926767
201.52377319335938,0.13860375705732614
201.69314575195312,0.12462072430341326
201.86248779296875,0.14588345096095529
202.03179931640625,0.15849100994536572
202.20108032226562,0.1152460268056074
202.3703155517578,0.18525794489639627
202.53953552246094,0.1812577231842191
202.70870971679688,0.19201653740574476
202.87786865234375,0.18025371453336284
203.04698181152344,0.17124935685200496
203.216064453125,0.15765781375511878
203.38511657714844,0.18904521998173515
203.55413818359375,0.1574162987180336
203.72311401367188,0.1715356823673742
203.89207458496094,0.21365085773416653
204.06100463867188,0.2167375974184558
204.22988891601562,0.19088088021975472
204.39874267578125,0.204197727130705
204.5675811767578,0.22870395220122197
204.7363739013672,0.28236037328708175
204.90513610839844,0.25419317056354707
205.0738525390625,0.24053351955018717
205.2425537109375,0.2825275163842254
205.41122436523438,0.3394346186291351
205.57984924316406,0.3239363205391019
205.7484588623047,0.29599468405023266
205.91702270507812,0.28072941339886465
206.08555603027344,0.31669704359368583
206.25405883789062,0.33008135140696937
206.4225311279297,0.38227015250194435
206.59097290039062,0.3977495946102947
206.75938415527344,0.3968399470816294
206.92774963378906,0.4293609301132493
207.09609985351562,0.43894684091411745
207.264404296875,0.45012090467482857
207.43267822265625,0.4515673540395609
207.60092163085938,0.4882285881388209
207.76913452148438,0.502467069766083
207.93731689453125,0.5259321491583874
208.10546875,0.5047900386505657
208.27357482910156,0.512866687870852
208.44166564941406,0.5379064061164363
208.60971069335938,0.5889800064770956
208.77774047851562,0.6235901824011801
208.9457244873047,0.7141941580528378
209.11367797851562,0.7032238027851662
209.28158569335938,0.7081105861822176
209.44947814941406,0.7556036241517695
209.61734008789062,0.8016222793710993
209.78515625,0.821250859884548
209.95294189453125,0.8493286754114288
210.12071228027344,0.937675163816757
210.28843688964844,0.9682849664539617
210.4561309814453,1.0214830252435947
210.623779296875,1.08581894488013
210.79141235351562,1.1328585145309844
210.95901489257812,1.1546775119284407
211.12657165527344,1.259653467318349
211.29409790039062,1.368261497923307
211.4615936279297,1.433418849937986
211.62905883789062,1.532621320399501
211.79649353027344,1.6168928507586235
211.96389770507812,1.6339606732555665
212.1312713623047,1.7327682562909477
212.29859924316406,1.8723216185682128
212.4658966064453,1.9909251704906799
212.63316345214844,2.087039213860469
212.80039978027344,2.186885523348152
212.9676055908203,2.27801134539519
213.13478088378906,2.3907217882652967
213.3019256591797,2.5689961982532306
213.46902465820312,2.7378384458242464
213.6361083984375,2.913873091060238
213.8031463623047,3.062636987185908
213.97015380859375,3.139248115877365
214.1371307373047,3.327129294139718
214.30406188964844,3.521299999347754
214.47097778320312,3.7638952157479366
214.63784790039062,4.072344285602646
214.80470275878906,4.322188746539623
214.9715118408203,4.496412731790468
215.13829040527344,4.616147674052368
215.30503845214844,4.900314987569912
215.4717559814453,5.229041972610891
215.638427734375,5.732524030603841
215.80508422851562,6.16874509634583
215.97169494628906,6.550474197296128
216.13827514648438,6.7667388624053
216.30482482910156,6.96284782690289
216.47134399414062,7.2169827725696996
216.6378173828125,7.7278957944151685
216.8042755126953,8.596194929922072
216.97068786621094,9.465336457104971
217.1370849609375,10.12983728696572
217.30343627929688,10.533589321129403
217.46975708007812,10.649585650886188
217.6360321044922,10.81676159914216
217.8022918701172,11.429550695149187
217.96852111816406,12.614412319673985
218.13470458984375,14.144681907469996
218.3008575439453,15.650039041191889
218.46697998046875,16.891231373200334
218.63307189941406,17.592691485626517
218.7991180419922,17.826836085743654
218.96514892578125,18.0855341816856
219.13113403320312,18.936104643427424
219.29710388183594,20.779400119610322
219.46302795410156,23.69612188611004
219.62890625,27.29258590713674
219.79476928710938,30.923985483438717
219.96060180664062,33.883169786674884
220.1263885498047,35.726440649866966
220.29214477539062,36.799733218467054
220.45787048339844,37.88162317351645
220.62356567382812,40.056941143817035
220.7892303466797,44.22184284403356
220.95486450195312,50.83420546818748
221.12045288085938,59.87700904519413
221.2860107421875,70.54993171310774
221.4515380859375,81.40287860350458
221.61703491210938,90.81890713783307
221.78250122070312,97.34862716390381
221.94793701171875,100.0
222.1133270263672,98.34624902317687
222.2786865234375,92.69329460056673
222.4440155029297,84.02258649435916
222.60931396484375,73.24565267914731
222.7745819091797,61.49780440611874
222.9398193359375,49.92311585810509
223.10501098632812,39.44525605272606
223.27017211914062,30.434160183637402
223.435302734375,23.12735047061848
223.60040283203125,17.561259584114023
223.76547241210938,13.55757154201315
223.9304962158203,10.730049217211155
224.0955047607422,8.739111157788923
224.26046752929688,7.401046480157423
224.42539978027344,6.4727636102200945
224.59030151367188,5.76606928645579
224.75515747070312,5.185344046322249
224.9199981689453,4.661567624262202
225.0847930908203,4.194362373382803
225.2495574951172,3.78800535483791
225.41429138183594,3.4224744191943386
225.57899475097656,3.089591400765616
225.74365234375,2.8228926456026047
225.90829467773438,2.6217721573365877
226.07289123535156,2.446896217444606
226.23745727539062,2.296756224848063
226.40199279785156,2.177509021190104
226.56649780273438,2.073953638855247
226.73095703125,1.9961984632139458
226.8953857421875,1.9508774437556382
227.05979919433594,1.8819179295499577
227.22415161132812,1.802392162870516
227.38848876953125,1.7447882941665445
227.55279541015625,1.720570840683481
227.71705627441406,1.6962274787781875
227.88128662109375,1.657831049822539
228.0454864501953,1.6186420949159928
228.20965576171875,1.5843574756396548
228.37379455566406,1.5534025384908412
228.5378875732422,1.5151160676145958
228.70196533203125,1.489879381322826
228.86599731445312,1.4633149391615203
229.02999877929688,1.425125447460186
229.19395446777344,1.3787424201572636
229.35789489746094,1.3217377630950713
229.52178955078125,1.276419828737672
229.68565368652344,1.2430390564946336
229.8494873046875,1.2261218021510885
230.01329040527344,1.1971768974822639
230.1770477294922,1.1646730751981813
230.34078979492188,1.1356317051429625
230.50448608398438,1.0953729761290458
230.66815185546875,1.047187044132117
230.831787109375,1.0067600547527407
230.99537658691406,0.9728759658354522
231.15895080566406,0.9369483873419922
231.32247924804688,0.8832993656657089
231.48597717285156,0.8230282675001036
231.64944458007812,0.7574122029947844
231.8128662109375,0.7089866200059023
231.9762725830078,0.6528502142570278
232.13963317871094,0.6126655192786445
232.30296325683594,0.5608861491574051
232.4662628173828,0.48757993665543353
232.6295166015625,0.4201210364774795
232.79275512695312,0.3796738051583193
232.95594787597656,0.34531092158279647
233.11911010742188,0.2942481146550035
233.28224182128906,0.24768374663621506
233.44532775878906,0.21433386942501628
233.6083984375,0.19653772055127355
233.77142333984375,0.16911004277052855
233.93441772460938,0.14118598863807386
234.09738159179688,0.12245165564798183
234.2602996826172,0.10760538086516261
234.42320251464844,0.08995519908975379
234.5860595703125,0.08418095905086581
234.74888610839844,0.08089453666945817
234.9116668701172,0.0730294576952244
235.07443237304688,0.06754884454563098
235.23715209960938,0.07206742091321497
235.39984130859375,0.06499920111384767
235.5625,0.051036844532782594
235.72512817382812,0.05067169963071125
235.88771057128906,0.05577777501397658
236.05027770996094,0.05157682065581066
236.21279907226562,0.04828793427220411
236.3752899169922,0.045732673729871075
236.53773498535156,0.03971948448483747
236.70016479492188,0.027789963879597847
236.862548828125,0.027969170650613003
237.02490234375,0.03380190400010145
237.18722534179688,0.0397734747391077
237.34950256347656,0.04550158645145776
237.5117645263672,0.048593900636414104
237.67398071289062,0.048185676187357786
237.83616638183594,0.04251479457526101
237.99830627441406,0.040450121641453576
238.16043090820312,0.03616776562205431
238.322509765625,0.0367901464085992
238.48455810546875,0.03380588365154842
238.64657592773438,0.032306545795444626
238.80856323242188,0.029027552104148972
238.9705047607422,0.02424797941568128
239.13241577148438,0.025794844604882298
239.29429626464844,0.034640381690190174
239.45614624023438,0.03223668986011142
239.61795043945312,0.02839820401023606
239.7797393798828,0.029252932117855405
239.9414825439453,0.03229526394435405
240.1031951904297,0.02771625736293715
240.26486206054688,0.02823406822828168
240.426513671875,0.027787081802668864
240.58811950683594,0.02950590692021242
240.74969482421875,0.03134360375535446
240.91123962402344,0.03433696945902426
241.07273864746094,0.028396313849685963
241.2342071533203,0.030521113338345174
241.39564514160156,0.031148762223245814
241.5570526123047,0.029274554706266227
241.7184295654297,0.028621979731557726
241.8797607421875,0.03520049658821829
242.0410614013672,0.0316801655900336
242.20233154296875,0.03401886774013075
242.3635711669922,0.04136968261026205
242.52476501464844,0.04220472351506081
242.68594360351562,0.036380832422024646
242.84707641601562,0.037558884781253195
243.00816345214844,0.03681990133517768
243.1692352294922,0.03184982795544343
243.33026123046875,0.030458787199457566
243.4912567138672,0.03263919066731807
243.6522216796875,0.03397433927266943
243.8131561279297,0.033813157360270414
243.9740447998047,0.03474264638461138
244.13490295410156,0.03327191800220064
244.2957305908203,0.03482847150835101
244.45652770996094,0.034507182421842204
244.61727905273438,0.03224522221469532
244.7779998779297,0.02769765847396673
244.93869018554688,0.02518970976526983
245.09934997558594,0.02215409607665518
245.2599639892578,0.02682230858626325
245.42054748535156,0.033284445169803605
245.5811004638672,0.03422283998819595
245.7416229248047,0.03239884314435187
245.90211486816406,0.03574861385846023
246.06256103515625,0.031758325816751774
246.2229766845703,0.026432152697883207
246.38336181640625,0.026359247135913692
246.543701171875,0.03190512162042315
246.7040252685547,0.03447223113137161
246.8643035888672,0.03351085545257379
247.0245361328125,0.03028178520575388
247.18475341796875,0.029426713253970754
247.3449249267578,0.036249801484888544
247.50506591796875,0.0368995738113797
247.66517639160156,0.03619579574929202
247.82525634765625,0.04392054534889813
247.98529052734375,0.04829396768274827
248.14529418945312,0.038440479862449146
248.30526733398438,0.03720975813974089
248.4652099609375,0.04092876793002785
248.62510681152344,0.04004890726128142
248.78497314453125,0.03598168109109228
248.94480895996094,0.04091020495117025
249.10459899902344,0.040959938089986464
249.26437377929688,0.04036557990554765
249.42410278320312,0.03797243196864597
249.58380126953125,0.04148683329649634
249.7434539794922,0.04035764897662235
249.90309143066406,0.04438005654827762
250.06268310546875,0.05519482077409177
250.22222900390625,0.0606858542166788
250.3817596435547,0.05356713939865086
250.54124450683594,0.051764565489590755
250.70069885253906,0.05243693299577004
250.86012268066406,0.052959613763929755
251.01951599121094,0.050738364616477745
251.17886352539062,0.04805965834806154
251.3381805419922,0.0503906162585265
251.49746704101562,0.0647158579868442
251.65670776367188,0.0691128449783681
251.81593322753906,0.061381694092950356
251.97511291503906,0.06636582302868128
252.13424682617188,0.07316062425820546
252.29336547851562,0.06445228987908612
252.4524383544922,0.05695558166999468
252.61148071289062,0.06266441922853205
252.77049255371094,0.06469741924866798
252.92945861816406,0.06959560247639812
253.08839416503906,0.07674225165675025
253.24729919433594,0.0854994351607742
253.4061737060547,0.09034565157517689
253.56500244140625,0.09297156833673048
253.7238006591797,0.08967707665040384
253.882568359375,0.0924523106418163
254.0413055419922,0.09518000327275164
254.1999969482422,0.09596524940627442
254.35865783691406,0.1033521149142072
254.5172882080078,0.11436006377615181
254.67587280273438,0.11769280568653595
254.83444213867188,0.11663397969823423
254.9929656982422,0.12164923625996747
255.1514434814453,0.12202975892177485
255.30990600585938,0.12352504881897601
255.46832275390625,0.12917149687410479
255.626708984375,0.13377760139371592
255.78504943847656,0.13817960955055147
255.94337463378906,0.1414925317015625
256.1016540527344,0.14487498855543415
256.2598876953125,0.1486726962747361
256.4181213378906,0.1553301388190403
256.5762939453125,0.16122332780995355
256.73443603515625,0.16672855007185539
256.8925476074219,0.171465823433889
257.05059814453125,0.17333786971338955
257.2086486816406,0.17738074480461663
257.36663818359375,0.18075622874118108
257.5246276855469,0.18373920720323747
257.68255615234375,0.186885021932032
257.8404541015625,0.18528887195284013
257.9983215332031,0.1812766649290729
258.1561279296875,0.17539478135875
258.3139343261719,0.16919085508515885
258.4717102050781,0.16025852057754258
258.6294250488281,0.15223111741246942
258.787109375,0.14213672596257337
258.94476318359375,0.13089106395563654
259.1023864746094,0.12037146614128647
259.2599792480469,0.1118022444235216
259.4175109863281,0.10573834985451366
259.5750427246094,0.10038809236214291
259.7325134277344,0.09263842743491639
259.8899841308594,0.08560558378765193
260.0473937988281,0.07778182056514138
260.20477294921875,0.07009431527924227
260.3620910644531,0.0637042413549479
260.5194091796875,0.05997778631258668
260.6766662597656,0.057648392388888546
260.83392333984375,0.05577801899694127
260.9911193847656,0.052872277947013595
261.1482849121094,0.04746992389127362
261.305419921875,0.04295282621432306
261.4625244140625,0.03839493762189121
261.61956787109375,0.033635057047738455
261.776611328125,0.03137675475105548
261.93359375,0.03185435587065014
262.0905456542969,0.0322211902513105
262.2474670410156,0.032588275262260255
262.40435791015625,0.03256089914243005
262.56121826171875,0.03208098830999138
262.7180480957031,0.030659995773660537
262.87481689453125,0.030677866018021156
263.03155517578125,0.031339735993849996
263.18829345703125,0.0326344880289231
263.344970703125,0.03298083590434857
263.5016174316406,0.03322334799322146
263.658203125,0.03292647367998169
263.8147888183594,0.029780890581804952
263.9713134765625,0.02644868404574413
264.1278381347656,0.023281988854891623
264.2843017578125,0.021793787435860582
264.44073486328125,0.021922350624979527
264.5971374511719,0.02013989119204956
264.75347900390625,0.018598363226522724
264.9098205566406,0.01976468430652506
265.06610107421875,0.02074696392697386
265.22235107421875,0.022593345150470824
265.3785705566406,0.023747587067728233
265.5347595214844,0.02376443604909682
265.69091796875,0.023167994486683996
265.8470458984375,0.019920345631873147
266.00311279296875,0.015653945137149284
266.1591796875,0.013552943570579557
266.315185546875,0.014601768473830875
266.4711608886719,0.016514758781474563
266.6271057128906,0.015758682649960304
266.7829895019531,0.015555978539133476
266.9388732910156,0.013809113558439523
267.0946960449219,0.012436290139445912
267.2505187988281,0.010214576536029524
267.4062805175781,0.009589610051041461
267.56201171875,0.01331105427958373
267.7176818847656,0.017180768169589872
267.87335205078125,0.018430386435811484
268.02899169921875,0.01668478876151652
268.1845703125,0.015116838940822124
268.3401184082031,0.014158245332335532
268.4956359863281,0.011715460989105884
268.651123046875,0.013342777402477636
268.80657958984375,0.017787330903523472
268.96197509765625,0.023183469387308996
269.11737060546875,0.02429901423085302
269.272705078125,0.020588528627759995
269.4280090332031,0.018020743994305564
269.5832824707031,0.019166594321700904
269.738525390625,0.02070303691022195
269.8937072753906,0.01792176651405751
270.04888916015625,0.015908154853456438
270.2040100097656,0.01464908874928816
270.3591003417969,0.011134987717819785
270.51416015625,0.009608971935615936
270.669189453125,0.007993795218419893
270.8241882324219,0.010155060569921869
270.9791259765625,0.016021989011267716
271.1340637207031,0.01867764709384435
271.2889404296875,0.019512882487611072
271.44378662109375,0.021448299828960092
271.5986022949219,0.02651059659407549
271.75335693359375,0.02832265173455861
271.9081115722656,0.026508171327109607
272.06280517578125,0.02537752221914187
272.21746826171875,0.01978066384922347
272.3721008300781,0.014184855786041726
272.5267028808594,0.009960537800525308
272.6812744140625,0.007615733957863291
272.8358154296875,0.00855685141262156
272.99029541015625,0.012640305621833249
273.1447448730469,0.015168122066196025
273.2991638183594,0.014553745217944851
273.45355224609375,0.01751180910000698
273.60791015625,0.01669903377531474
273.7622375488281,0.015861458021128545
273.91650390625,0.017902741801252748
274.07073974609375,0.020247463030783588
274.2249450683594,0.021846492780615786
274.3791198730469,0.020780910948517195
274.53326416015625,0.0185521861824529
274.6873779296875,0.01684563308937688
274.8414306640625,0.01715699844921951
274.9954528808594,0.013879070675822756
275.14947509765625,0.010864458543710978
275.30340576171875,0.012897453774275335
275.45733642578125,0.013288260278175812
275.6112365722656,0.01283621139530469
275.76507568359375,0.010909520548663905
275.9189147949219,0.00857934988475569
276.07269287109375,0.0074693216006708855
276.2264404296875,0.00571252772723209
276.380126953125,0.00406104538173218
276.5338134765625,0.0023785497490877317
276.68743896484375,0.0020118347906858992
276.841064453125,0.0013384107275367714
276.99462890625,0.0009206853567375094
277.1481628417969,0.0006655338422184827
277.3016357421875,0.00046641518178466385
277.4551086425781,0.0002515745272939042
277.6085205078125,7.77527583276056e-05
277.7619323730469,7.825621951792243e-06
277.915283203125,0.0
278.068603515625,0.0
278.22186279296875,0.0
278.3751220703125,0.0
278.5283203125,0.0
278.6814880371094,0.0
278.8346252441406,0.0
278.98773193359375,0.0
279.14080810546875,0.0
279.2938537597656,0.0
279.44683837890625,0.0
279.59979248046875,0.0
279.7527160644531,0.0
279.9056091308594,0.0
280.0584411621094,0.0
280.2112731933594,0.0
280.3640441894531,0.0
280.51678466796875,0.0
280.66949462890625,0.0
280.8221740722656,0.0
280.9748229980469,0.0
281.1274108886719,0.0
281.27996826171875,0.0
281.4324951171875,0.0
281.5849914550781,0.0
281.7374572753906,6.395406684850837e-06
281.889892578125,5.641977928290839e-05
282.0422668457031,0.00015303554204792669
282.1946105957031,0.0003375486763998179
282.346923828125,0.0007400724278019387
282.49920654296875,0.0013173258439359904
282.6514587402344,0.0018318749251025365
282.80364990234375,0.002155750757168252
282.955810546875,0.0028470558732135534
283.1079406738281,0.0036584896913259253
283.2600402832031,0.004451610908071792
283.412109375,0.005184410689912867
283.56414794921875,0.006797339718604118
283.71612548828125,0.008238441965088288
283.8680725097656,0.010276800057476467
284.0199890136719,0.011591224126893047
284.171875,0.015619633059982683
284.32373046875,0.016823535956008655
284.47552490234375,0.016382462295565045
284.6273193359375,0.015224896337520527
284.779052734375,0.013060177083006327
284.9307556152344,0.012536904362834054
285.0823974609375,0.012407236698444268
285.2340393066406,0.014164897226683085
285.3856201171875,0.01587013311388259
285.5372009277344,0.015936443811606683
285.688720703125,0.01755836114498105
285.8401794433594,0.017611043605821705
285.99163818359375,0.020413797974733215
286.1430358886719,0.02307183576527239
286.29443359375,0.02397262263745873
286.4457702636719,0.025392466595510144
286.5970764160156,0.023969397725582552
286.7483215332031,0.021830047814885165
286.8995666503906,0.01919850494739187
287.0507507324219,0.017953272553877915
287.2019348144531,0.018733322064277507
287.3530578613281,0.019089098706372837
287.5041198730469,0.02249444794692632
287.6551818847656,0.024957766149288647
287.8061828613281,0.024220775892754745
287.9571838378906,0.024927817330305423
288.1081237792969,0.022584794420374293
288.2590026855469,0.020016754129915063
288.4098815917969,0.018289167763654763
288.56072998046875,0.016824561090496817
288.7115173339844,0.017176922764145095
288.8622741699219,0.017884834474934497
289.01300048828125,0.01848713612072525
289.1636962890625,0.01633195190681194
289.3143310546875,0.01670242850554506
289.4649353027344,0.019348860114078846
289.61553955078125,0.0201183290964408
289.7660827636719,0.022899788920733348
289.91656494140625,0.02448135982075122
290.0670471191406,0.025995959820178393
290.21746826171875,0.026501101185475866
290.36785888671875,0.026179790245088666
290.5182189941406,0.025748326644808688
290.6685485839844,0.026640948554223852
290.81884765625,0.027250429292947183
290.9690856933594,0.025546585568137388
291.11932373046875,0.024248138062263
291.2695007324219,0.024841663372426853
291.41961669921875,0.02385179321981046
291.5697326660156,0.02286924536394148
291.7198181152344,0.0209610592556985
291.8698425292969,0.02016866059176678
292.01983642578125,0.019419225264539642
292.1697998046875,0.020307470996530595
292.3197021484375,0.022201158863210172
292.4696044921875,0.025080271619442884
292.61944580078125,0.028379342001336984
292.7692565917969,0.030097783738365955
292.9190368652344,0.029719853526359256
293.06878662109375,0.028970371683053723
293.2184753417969,0.026394907223486325
293.3681640625,0.023800936871187003
293.5177917480469,0.02206178356526095
293.6673889160156,0.021955892510023726
293.8169250488281,0.024386653194873736
293.9664611816406,0.02806187983985984
294.1159362792969,0.0323656775350552
294.265380859375,0.03500933263357576
294.414794921875,0.03530503911425011
294.5641784667969,0.03605505870476326
294.7135009765625,0.035033073879059046
294.8628234863281,0.03164035960482645
295.0120849609375,0.028019047430760603
295.16131591796875,0.025029271815549644
295.31048583984375,0.023832760964940948
295.45965576171875,0.023977843155272602
295.6087646484375,0.025880062353312302
295.7578430175781,0.025635432979607117
295.9068908691406,0.026076505741055644
296.055908203125,0.02756766819340998
296.20489501953125,0.02586144847853325
296.35382080078125,0.025204322127471663
296.5027160644531,0.025927374926618348
296.6515808105469,0.02777027096668775
296.8004150390625,0.029919232919936284
296.9491882324219,0.03011617476321196
297.0979309082031,0.029058335964205036
297.24664306640625,0.027358081270253933
297.39532470703125,0.027579230601689174
297.5439758300781,0.026862241313069322
297.6925964355469,0.02793517295713668
297.8411560058594,0.030468043229859784
297.98968505859375,0.03339486856292579
298.13818359375,0.03553189307846648
298.28662109375,0.03546004230837693
298.43505859375,0.03439327648714274
298.58343505859375,0.03278356460282605
298.7317810058594,0.03273111074126253
298.8800964355469,0.034065200949441786
299.02838134765625,0.033464904817299704
299.1766052246094,0.03305355539233108
299.3247985839844,0.03341031457192507
299.47296142578125,0.035412402900238164
299.62109375,0.03686333510224701
299.7691955566406,0.03669626379187563
299.917236328125,0.03720736435376249
300.06524658203125,0.036901435737814216
300.2132263183594,0.03457742096090651
300.3611755371094,0.03235802757095832
300.5090637207031,0.03144397140308637
300.6569519042969,0.03397502714175381
300.8047790527344,0.03483561776449983
300.95257568359375,0.03536746686630978
301.1003112792969,0.03608368366959279
301.248046875,0.03494938708139235
301.3957214355469,0.033445717978501585
301.5433654785156,0.03292666288556346
301.69097900390625,0.03345200009441126
301.83856201171875,0.034573855991769854
301.986083984375,0.03710792828656982
302.1335754394531,0.03859018036007326
302.2810363769531,0.0377990821060132
302.428466796875,0.03718712199510027
302.57586669921875,0.03548467288928329
302.72320556640625,0.03383308077134402
302.8705139160156,0.03547295071930736
303.0177917480469,0.0383254792672472
303.1650390625,0.04058609412893087
303.312255859375,0.04280769797497586
303.45941162109375,0.041778834457426785
303.6065368652344,0.039684327258125374
303.7536315917969,0.040123185410574684
303.9006652832031,0.04107591107045182
304.0476989746094,0.04260221106618355
304.1946716308594,0.04440578142853994
304.34161376953125,0.04622687735314687
304.488525390625,0.04457866331713292
304.6353759765625,0.04109444221275681
304.7822265625,0.038862050910960254
304.92901611328125,0.039586355936832386
305.0757751464844,0.042263354377918734
305.2225036621094,0.043927774551152064
305.3691711425781,0.04460445022181651
305.51580810546875,0.04585912293330891
305.66241455078125,0.04585355436837415
305.8089904785156,0.042228828573738816
305.9555358886719,0.038254880018471465
306.1020202636719,0.03870016870231019
306.24847412109375,0.04028739180253525
306.3948974609375,0.041613568557737464
306.5412902832031,0.04348424817092671
306.6876525878906,0.044973908109957765
306.8339538574219,0.04540964985543282
306.980224609375,0.044245448431002414
307.12646484375,0.0413263206698443
307.27264404296875,0.039184335191033516
307.4188232421875,0.03979873172526174
307.56494140625,0.03938722391588632
307.7110290527344,0.03838375495281629
307.8570861816406,0.03831319528308638
308.0030822753906,0.03722535286977483
308.1490478515625,0.036154261752864306
308.29498291015625,0.035918823332229115
308.4408874511719,0.03524455184311432
308.5867614746094,0.033921798163374296
308.7325744628906,0.033367990129210996
308.8783874511719,0.03320449947132544
309.02410888671875,0.03135491398593957
309.1698303222656,0.029933532359116114
309.3155212402344,0.027734242728291173
309.4611511230469,0.02634796602148712
309.60675048828125,0.026657879432283767
309.7523193359375,0.027506599584757836
309.8978271484375,0.02879945053870045
310.0433349609375,0.030869393992194554
310.18878173828125,0.031979529037093314
310.3341979980469,0.03039204069122522
310.4795837402344,0.02870122820701015
310.6249084472656,0.02700731146147784
310.77020263671875,0.02626561459159854
310.91546630859375,0.026157194739135633
311.0606994628906,0.02721050469862483
311.2059020996094,0.028430689199816457
311.3510437011719,0.029574058881511944
311.49615478515625,0.02951571486167671
311.6412353515625,0.02905724503059066
311.7862548828125,0.028263688731241767
311.9312744140625,0.026735117737344057
312.07623291015625,0.025526533236318635
312.2211608886719,0.024506187056225214
312.3660583496094,0.023185024796594074
312.5108947753906,0.022630930641111144
312.65570068359375,0.021413224083534774
312.80047607421875,0.01956595648202326
312.9452209472656,0.01855744300692133
313.0899353027344,0.01858640473573175
313.2345886230469,0.018409584338853185
313.37921142578125,0.019574852593413815
313.5238037109375,0.020288100627996023
313.6683654785156,0.019082122035723542
313.8128662109375,0.017881196795338828
313.95733642578125,0.016667785552085642
314.1017761230469,0.015408077460096916
314.2461853027344,0.01468454716905197
314.3905334472656,0.016472929938979544
314.53485107421875,0.01822929141695822
314.67913818359375,0.01659026184700216
314.8233947753906,0.014173298532140704
314.9676208496094,0.01285927957686462
315.1117858886719,0.012612409540016056
315.25592041015625,0.013119437202882335
315.4000244140625,0.015264862009774241
315.5440673828125,0.017582099336466074
315.6881103515625,0.018509765312924257
315.83209228515625,0.01843180541648045
315.9760437011719,0.015919075815500974
316.11993408203125,0.01389954463891517
316.2638244628906,0.014395015364150797
316.40765380859375,0.012041896267425557
316.55145263671875,0.009375779081617781
316.6951904296875,0.008561778547130501
316.83892822265625,0.008525122973265884
316.98260498046875,0.008974602300193228
317.1262512207031,0.01125740419118284
317.2698669433594,0.013578414352889387
317.4134216308594,0.013217681519129526
317.55694580078125,0.01269179999127006
317.700439453125,0.01082670764888927
317.8439025878906,0.010699786624557813
317.9873352050781,0.012553161183440499
318.1307067871094,0.015160580595295462
318.2740478515625,0.01635963459853967
318.4173583984375,0.01700440554574041
318.56060791015625,0.01723522780530582
318.703857421875,0.01571370931269894
318.8470458984375,0.013511352103552162
318.9902038574219,0.01216158594331685
319.13330078125,0.010522119830229583
319.2763671875,0.011160442507351915
319.41943359375,0.010326033932491782
319.5624084472656,0.010748853570187074
319.70538330078125,0.011703466948966526
319.8482971191406,0.014466347461504563
319.9912109375,0.016567940507790525
320.134033203125,0.016865527593227066
320.27685546875,0.017985455459635948
320.41961669921875,0.018649919990694357
320.5623779296875,0.01807993329881786
320.7050476074219,0.016171190254512722
320.84771728515625,0.013233875600226482
320.9903259277344,0.011770650287603865
321.1329345703125,0.010050065991376153
321.2754821777344,0.010164330631420903
321.41796875,0.011113665412645968
321.5604553222656,0.01216368319735736
321.702880859375,0.012325132587353831
321.84527587890625,0.011356702826066578
321.98760986328125,0.010589779157855079
322.12994384765625,0.010185872020004687
322.272216796875,0.010508039134806899
322.4144592285156,0.010885925384480882
322.5566711425781,0.012439663487355661
322.6988220214844,0.014474778858071817
322.8409423828125,0.014560876843619565
322.9830322265625,0.013389819997562516
323.1250915527344,0.013512140888425502
323.26708984375,0.013912625870138263
323.4090576171875,0.013040110549692962
323.5509948730469,0.012232472769772452
323.6929016113281,0.013483722228153559
323.8347473144531,0.015170227213642503
323.9765930175781,0.01662500328558421
324.1183776855469,0.016455709207506258
324.2601013183594,0.01547474147710755
324.4018249511719,0.015196578241451103
324.5434875488281,0.014029135944286324
324.68511962890625,0.011179258860661519
324.8266906738281,0.011377308320019963
324.96826171875,0.013149115780221758
325.1097717285156,0.014901177984899795
325.2512512207031,0.01537379971931802
325.3927001953125,0.014429150802909178
325.5340881347656,0.014235622147349957
325.6754455566406,0.012326937670588945
325.8167724609375,0.010008492600731424
325.95806884765625,0.00955891888556708
326.09930419921875,0.010018091936750479
326.2405090332031,0.011584417278577255
326.3816833496094,0.012507537488906399
326.5228271484375,0.015373216397487278
326.6639099121094,0.017952104040621388
326.8049621582031,0.019463762222639996
326.94598388671875,0.019895030191013404
327.0869445800781,0.017334760543114794
327.2279052734375,0.015535733289317798
327.3688049316406,0.013196996118752297
327.5096740722656,0.011776963435808953
327.6504821777344,0.012517087254969663
327.791259765625,0.012733808090072109
327.9320068359375,0.013056044689955162
328.0727233886719,0.0116196441757888
328.2134094238281,0.010314824307361435
328.3540344238281,0.008900854495649996
328.49462890625,0.009085031781095475
328.63519287109375,0.009746978356269339
328.77569580078125,0.010963587466686566
328.9161682128906,0.01179853661561688
329.0566101074219,0.013175741123658057
329.197021484375,0.01448886115431068
329.33740234375,0.014734003720414342
329.47772216796875,0.014992619119343515
329.6180114746094,0.015950281753802274
329.75823974609375,0.01530789043056862
329.8984680175781,0.015538786587851272
330.03863525390625,0.015053662241998262
330.17877197265625,0.0169652168879855
330.31884765625,0.017863736400862636
330.45892333984375,0.016569016389624394
330.59893798828125,0.01461734270356073
330.7389221191406,0.013743119824261645
330.87884521484375,0.01394097268913283
331.01873779296875,0.013262896498856907
331.1585998535156,0.01197924929125716
331.2984313964844,0.012765995776846072
331.438232421875,0.014107214504631446
331.5779724121094,0.015581892954852624
331.7176818847656,0.014423833690355206
331.85736083984375,0.014460896351501195
331.9969787597656,0.015521847422592626
332.1365661621094,0.01502676305855231
332.276123046875,0.01433281091402114
332.4156494140625,0.014332923376496973
332.55511474609375,0.015002205737053478
332.6945495605469,0.015561993656055236
332.8339538574219,0.014251335957781353
332.97332763671875,0.010905881579872328
333.1126403808594,0.009270090933021627
333.2519226074219,0.010788747699300943
333.39117431640625,0.014039238252028574
333.5303649902344,0.01729479055149535
333.6695251464844,0.020006076996573054
333.80865478515625,0.019487207275074518
333.94775390625,0.019094386416138708
334.0867919921875,0.018291316178575684
334.225830078125,0.01562068238377455
334.3647766113281,0.014403193828805961
334.50372314453125,0.014632369017205134
334.6426086425781,0.013965822939554213
334.781494140625,0.012088981786006784
334.9202880859375,0.01017020385051522
335.05908203125,0.009442936319074393
335.19781494140625,0.010204590439767226
335.3365173339844,0.012060056517115789
335.4751892089844,0.01208318952067491
335.6138000488281,0.013644131634220853
335.75238037109375,0.015662545072615316
335.89093017578125,0.016916778254401584
336.0294494628906,0.01772095776676095
336.16790771484375,0.016437154533548288
336.30633544921875,0.015286275965121512
336.4447326660156,0.014583531299072215
336.5830993652344,0.014263981895162333
336.7214050292969,0.013625893116706972
336.85968017578125,0.01433563081240734
336.9979248046875,0.0159049320986971
337.1361083984375,0.016995294999065647
337.2742614746094,0.017006939837285392
337.4123840332031,0.014777557023100643
337.55047607421875,0.013948365798501443
337.6885070800781,0.014369750403418676
337.8265075683594,0.013722970283240106
337.9644775390625,0.013565227172450829
338.1024169921875,0.013471077126423625
338.24029541015625,0.013569014219312574
338.3781433105469,0.013800146521481326
338.51593017578125,0.013804923707250937
338.6537170410156,0.013876220141518682
338.79144287109375,0.013540016022229573
338.92913818359375,0.012196243508256844
339.0667724609375,0.011063626407971877
339.20440673828125,0.011155270661496602
339.34197998046875,0.01372691727160745
339.4794921875,0.01544691883145358
339.61700439453125,0.016577310480955433
339.75445556640625,0.018315079168833806
339.8918762207031,0.01792821821042457
340.0292663574219,0.016878519889555438
340.1665954589844,0.01719357216231031
340.30389404296875,0.018563349264760103
340.441162109375,0.019550441963237714
340.578369140625,0.018420830911463817
340.7155456542969,0.016432412030237993
340.8526916503906,0.014523497186560676
340.98980712890625,0.013875873374262458
341.1268615722656,0.012948286138665785
341.263916015625,0.012681310147073015
341.40087890625,0.01449722642155585
341.537841796875,0.016063840624023395
341.67474365234375,0.01589143346724452
341.8116149902344,0.01574463620625317
341.9484558105469,0.014558740777304612
342.0852355957031,0.012786677842585949
342.22198486328125,0.013720930054438864
342.35870361328125,0.014376754646217526
342.4953918457031,0.01716771143636851
342.63201904296875,0.018873790741269075
342.76861572265625,0.017624820509164016
342.9051818847656,0.017093729173773366
343.04168701171875,0.016008189976049917
343.17816162109375,0.015831506423081714
343.3146057128906,0.01649383761190426
343.4510192871094,0.0188164685275774
343.5873718261719,0.020029506850777132
343.72369384765625,0.018945523942891854
343.8599853515625,0.01694287097206022
343.9962158203125,0.01462725063526054
344.1324157714844,0.014976280945460451
344.2685852050781,0.016640774933885206
344.40472412109375,0.01638701395707635
344.5408020019531,0.016768711640557155
344.6768493652344,0.01816019453418229
344.8128662109375,0.019802818848523134
344.9488220214844,0.019238917813216603
345.0847473144531,0.017211554362288103
345.22064208984375,0.015303014217514857
345.35650634765625,0.013855639727559642
345.4923095703125,0.012673964965801445
345.6280822753906,0.013636406496858865
345.7638244628906,0.014815312701476605
345.8995056152344,0.01727758422729787
346.03515625,0.0188115041883083
346.1707763671875,0.018223625811213204
346.30633544921875,0.01643624719747885
346.44189453125,0.015572795943463271
346.577392578125,0.015307000663337142
346.71282958984375,0.01565774785411765
346.8482666015625,0.01663525934995236
346.983642578125,0.016170696057950393
347.1189880371094,0.01732824225505284
347.2542724609375,0.019104941665674134
347.3895263671875,0.019604649735187867
347.5247497558594,0.019692810357252188
347.6599426269531,0.018246913603718884
347.7950744628906,0.016502624006916957
347.93017578125,0.015597802882048617
348.06524658203125,0.01508163663995408
348.20025634765625,0.017101313282154647
348.33526611328125,0.020941292237485892
348.4701843261719,0.024274384468154005
348.6051025390625,0.026521506371051853
348.7399597167969,0.02900078560606468
348.8747863769531,0.0280450378410481
349.00958251953125,0.024865610618707117
349.1443176269531,0.023209649894332163
349.279052734375,0.02092354374035376
349.4136962890625,0.019489349298694007
349.54833984375,0.019528788495543487
349.68292236328125,0.018329921026065652
349.8174743652344,0.01859378672221874
349.9519958496094,0.018970644322780825
350.0864562988281,0.017441302071560912
350.22088623046875,0.015209812699002373
350.35528564453125,0.014260535603963618
350.4896240234375,0.01370269687825222
350.6239318847656,0.013410403868078544
350.7582092285156,0.014184297560481538
350.8924560546875,0.0152744411360748
351.0266418457031,0.01705389868852847
351.1607971191406,0.018381797647389564
351.294921875,0.01905760304515189
351.4289855957031,0.018932454375255245
351.5630187988281,0.020108934295208245
351.697021484375,0.021067301660780295
351.83099365234375,0.021185926452639267
351.96490478515625,0.020754088579147567
352.0987854003906,0.02023244394814122
352.23260498046875,0.019776499048124785
352.3664245605469,0.02076137491779897
352.50018310546875,0.021078974756728007
352.6338806152344,0.02080893234973151
352.767578125,0.019148717928970937
352.9012145996094,0.01781894227798971
353.0348205566406,0.01653451796640519
353.1683654785156,0.018134812795466124
353.3018798828125,0.020445112672837436
353.43536376953125,0.02389061343173163
353.5688171386719,0.026746240784249403
353.70220947265625,0.026915264433251176
353.8355712890625,0.023088568881267858
353.9689025878906,0.0204330857120441
354.1021728515625,0.019635812878546537
354.23541259765625,0.021056021992662776
354.3686218261719,0.023887723743605226
354.50177001953125,0.027066065556994492
354.6349182128906,0.028595521392935228
354.76800537109375,0.02806785502587023
354.9010314941406,0.025787279883219584
355.0340270996094,0.022884695603638452
355.1669921875,0.02219191747373147
355.2999267578125,0.023303269574648844
355.43280029296875,0.02511131714128979
355.565673828125,0.027437354493631
355.6984558105469,0.02650231762098683
355.83123779296875,0.024755790439296453
355.9639587402344,0.023433859827095796
356.0966491699219,0.02111425774525756
356.2292785644531,0.021541829909212162
356.3619079589844,0.02283762230200622
356.4944763183594,0.02452769616037328
356.6269836425781,0.02449538900413459
356.7594909667969,0.025563837578849
356.8919372558594,0.02626995107824077
357.0243225097656,0.02739378565777971
357.1567077636719,0.028299914021171938
357.2890319824219,0.027422471292438477
357.42132568359375,0.026161181732339073
357.5535583496094,0.026725090092153375
357.6857604980469,0.02560281863652605
357.81793212890625,0.02463282919854988
357.9500732421875,0.025482144826265776
358.0821533203125,0.02776881761973822
358.2142028808594,0.02806603864230701
358.3462219238281,0.030575343839438645
358.4781799316406,0.032020047692838276
358.610107421875,0.033351237904415014
358.74200439453125,0.03187832789584057
358.87384033203125,0.030556703388791566
359.0056457519531,0.02802778704191689
359.1374206542969,0.02765175965198273
359.2691650390625,0.028218364948982354
359.4008483886719,0.026710900096110102
359.5325012207031,0.02492473398383464
359.6640930175781,0.024123305408789392
359.7956848144531,0.023867657969715697
359.9272155761719,0.02739976337491146
360.0586853027344,0.030250585191431423
360.1901550292969,0.032763339116596304
360.3215637207031,0.032543099157199634
360.4529113769531,0.03145321241165726
360.5842590332031,0.02849935048781413
360.7155456542969,0.028633217482315756
360.8468017578125,0.029513547439582732
360.9779968261719,0.029982963496303392
361.1091613769531,0.029473484382983944
361.24029541015625,0.029602838935890004
361.37139892578125,0.029588544708264077
361.50244140625,0.02961557986661206
361.6334533691406,0.03185757600482647
361.7644348144531,0.034322010475128964
361.8953552246094,0.03299648135029774
362.0262451171875,0.03100121845308038
362.1571044921875,0.028811248914159922
362.28790283203125,0.028271900908953568
362.4186706542969,0.02875666655813156
362.5494079589844,0.029724087421020562
362.6800842285156,0.029339108551031626
362.8107604980469,0.030133847464216292
362.94134521484375,0.0309048362786717
363.0719299316406,0.030866634424458226
363.20245361328125,0.032951427462241646
363.33294677734375,0.03297586356813488
363.4634094238281,0.03476058049267403
363.59381103515625,0.03807342250250635
363.72418212890625,0.04009364246897536
363.8544921875,0.03972075432213516
363.98480224609375,0.038240452012609324
364.11505126953125,0.03822106875734297
364.2452392578125,0.037312288820073335
364.37542724609375,0.034966511368043386
364.50555419921875,0.03347772922299094
364.6356506347656,0.034862249218510666
364.76568603515625,0.038082673906548785
364.89569091796875,0.0384591762834456
365.0256652832031,0.03779679847024134
365.15557861328125,0.03928111412083406
365.2854919433594,0.038065804099913746
365.4153137207031,0.03555891648312999
365.5451354980469,0.032422676502036764
365.6748962402344,0.032895851713969
365.80462646484375,0.034443176881744725
365.934326171875,0.03626444326107966
366.06396484375,0.037319962942255785
366.1935729980469,0.03851694875712671
366.3231506347656,0.03535695207871562
366.4526672363281,0.029573000567131403
366.5821533203125,0.024247781249157763
366.71160888671875,0.025842453053295664
366.84100341796875,0.031900860739230055
366.9703674316406,0.03717320436714685
367.0997009277344,0.04137091512832085
367.2289733886719,0.04258477798779315
367.35821533203125,0.040636161854560864
367.4874267578125,0.037975003316081536
367.6166076660156,0.036269168809390816
367.7457275390625,0.03656899768394927
367.87481689453125,0.040397333250695354
368.00384521484375,0.04534123423373993
368.1328430175781,0.046129981390620106
368.2618103027344,0.044159065408602566
368.3907470703125,0.03984904720376094
368.5196228027344,0.034538965348313355
368.6484680175781,0.03218638336799357
368.77728271484375,0.03004324248966672
368.9060363769531,0.031319465491691484
369.0347595214844,0.03136867230558419
369.1634521484375,0.0336043996007811
369.2920837402344,0.034199319042882786
369.4206848144531,0.03266889302624964
369.54925537109375,0.032412928809626866
369.6777648925781,0.03239078243214778
369.8062438964844,0.035145381136327127
369.9346923828125,0.03723268770859925
370.0630798339844,0.03983775976204684
370.1914367675781,0.04043381620944216
370.31976318359375,0.040696431274923776
370.44805908203125,0.04369311602254926
370.5762939453125,0.043691712432869984
370.7044982910156,0.04033855184599949
370.8326416015625,0.03683978564748702
370.96075439453125,0.03267945718285465
371.0888366699219,0.029250721993326935
371.2168884277344,0.025778189788687206
371.3448791503906,0.0277354556995236
371.47283935546875,0.03306768971467882
371.6007385253906,0.041051260998724685
371.7286376953125,0.0434114541332383
371.8564453125,0.043811261735619035
371.9842529296875,0.04297009219258625
372.11199951171875,0.040083844352542336
372.2397155761719,0.03747474786193846
372.3674011230469,0.03423964880792446
372.4950256347656,0.03376878098687381
372.62261962890625,0.036704413995939655
372.75018310546875,0.03760930371105228
372.877685546875,0.03507742009125929
373.0051574707031,0.03475006127813518
373.1325988769531,0.03705994605878166
373.260009765625,0.03586420394372105
373.3873596191406,0.03401853422064115
373.5146484375,0.032812860057119995
373.6419372558594,0.035706716229901264
373.7691650390625,0.04310215506663244
373.8963623046875,0.04954991439592071
374.02349853515625,0.05520043889980388
374.1506042480469,0.0564897532034956
374.2776794433594,0.05579530178666016
374.40472412109375,0.04658597946678448
374.5317077636719,0.03815402488576088
374.6586608886719,0.035257317576139424
374.7855529785156,0.03762668917900088
374.91241455078125,0.04466452898844942
375.03924560546875,0.050154305203650315
375.1660461425781,0.0524545965401032
375.29278564453125,0.051756137125466964
375.41949462890625,0.04653499388207804
375.5461730957031,0.041995289071365634
375.67279052734375,0.036345600329191805
375.79937744140625,0.03462305897711102
375.9259033203125,0.03548566657067754
376.05242919921875,0.03630712072471399
376.17889404296875,0.037229828915992004
376.3052978515625,0.03768641658938832
376.43170166015625,0.038153388831950144
376.55804443359375,0.03974061944209239
376.684326171875,0.03999377735902939
376.81060791015625,0.03971600283391711
376.93682861328125,0.04047065670773399
377.06298828125,0.042264280108921554
377.18914794921875,0.04351824240704903
377.31524658203125,0.04523427285482188
377.4412841796875,0.045013455447869666
377.56732177734375,0.04560534622366736
377.69329833984375,0.044947695437984374
377.8192443847656,0.04290066038431364
377.94512939453125,0.043699950880993266
378.07098388671875,0.04932327581053203
378.1968078613281,0.05507928868616921
378.32257080078125,0.054516725790598825
378.44830322265625,0.052889419481330475
378.5740051269531,0.049934212276967545
378.6996765136719,0.04429585000941396
378.8252868652344,0.04144823030698216
378.95086669921875,0.03727620139687075
379.0763854980469,0.03846844687339196
379.2018737792969,0.04268656513048487
379.32733154296875,0.04447706784476507
379.4527587890625,0.04526178866152821
379.578125,0.045614035342652265
379.7034606933594,0.04578999883849037
379.8287353515625,0.04308930609022997
379.9539794921875,0.04111301158020995
380.0791931152344,0.04057304274354096
380.2043762207031,0.04032580190945932
380.3294982910156,0.043144384026549534
380.45458984375,0.043533476806722836
380.57965087890625,0.04274489187291632
380.70465087890625,0.044227391752889915
380.8296203613281,0.045639347609928875
380.95452880859375,0.0480127350042563
381.0794372558594,0.049564971343049234
381.20428466796875,0.05041465210176619
381.3290710449219,0.048800438543665975
381.453857421875,0.047219589361053305
381.5785827636719,0.0473736293524359
381.7032470703125,0.04727073861738561
381.827880859375,0.0480510832907205
381.9524841308594,0.049232116615309185
382.0770568847656,0.0499612282949584
382.20159912109375,0.051065068057380744
382.3260803222656,0.05041409489252111
382.45050048828125,0.05037899457041823
382.5749206542969,0.050037172316597184
382.69927978515625,0.051334874735510155
382.8235778808594,0.05118787773103865
382.9478759765625,0.04863797578666783
383.0721130371094,0.047800901558980376
383.1962890625,0.04943303818948306
383.3204650878906,0.050567288617698075
383.444580078125,0.04902431932628694
383.56866455078125,0.04792743111752207
383.69268798828125,0.04439631797057163
383.8166809082031,0.04085839189390495
383.9406433105469,0.03823519614274677
384.0645446777344,0.037154406249683095
384.1884460449219,0.03866279740323808
384.312255859375,0.04416132426436173
384.4360656738281,0.048009328790454095
384.559814453125,0.049090845571242575
384.68353271484375,0.049290277447093946
384.80718994140625,0.04892914198341024
384.9308166503906,0.047283880700962726
385.0544128417969,0.04594837448626851
385.177978515625,0.045359536056300005
385.3014831542969,0.04717144146737039
385.4249572753906,0.048926066717974434
385.5483703613281,0.05110622466268469
385.6717529296875,0.04884247368625054
385.79510498046875,0.047645125000589233
385.9184265136719,0.04560154770204128
386.04168701171875,0.04519799900761194
386.1649169921875,0.04547264607021474
386.2881164550781,0.04848627465445087
386.4112548828125,0.0506315035546989
386.53436279296875,0.05160258381531193
386.65740966796875,0.05042148753739926
386.78045654296875,0.04836491292907468
386.9034118652344,0.04671061033710829
387.0263671875,0.04587257350327321
387.1492614746094,0.043097635336319405
387.2721252441406,0.04424216924272708
387.39495849609375,0.04724469628576061
387.5177307128906,0.04942594737923242
387.6404724121094,0.04813706123202248
387.76318359375,0.04937056775672891
387.8858337402344,0.049553875976278305
388.0084533691406,0.0502410404377492
388.13104248046875,0.04932486765209619
388.2535705566406,0.049714467704178485
388.3760681152344,0.0528757901964482
388.49853515625,0.05543786008496995
388.6209411621094,0.05122740083074349
388.7433166503906,0.04639090209564212
388.86566162109375,0.04610929574798206
388.9879455566406,0.046105905384312404
389.1101989746094,0.04638058410197744
389.232421875,0.04878811099368319
389.3546142578125,0.05009711575786802
389.47674560546875,0.05053880039997496
389.59881591796875,0.048631031665158586
389.72088623046875,0.04626109273228292
389.8428955078125,0.044330782232816654
389.9648742675781,0.04660672001731795
390.0867919921875,0.04785135905314167
390.20867919921875,0.04952047401597865
390.3305358886719,0.05271089060195444
390.4523620605469,0.052179732256724835
390.5741271972656,0.050674251112460336
390.69586181640625,0.049312721449901016
390.8175354003906,0.04787304892950739
390.9391784667969,0.0452428499004079
391.060791015625,0.044895482635299404
391.182373046875,0.04744082466868223
391.30389404296875,0.049486828487617394
391.4253845214844,0.05157455313005793
391.54681396484375,0.05066108027261837
391.668212890625,0.049025310133171254
391.7895812988281,0.04574348941724141
391.9109191894531,0.04415640192938659
392.0321960449219,0.04344146450334394
392.1534423828125,0.04371474242057533
392.274658203125,0.04528630432893413
392.39581298828125,0.04564310917058066
392.5169372558594,0.04628887284330045
392.6380310058594,0.0452983379604988
392.7590637207031,0.044590891551683776
392.88006591796875,0.04400896745823095
393.0010070800781,0.0445030721293516
393.1219482421875,0.04825490365996332
393.2428283691406,0.05070354300978862
393.3636474609375,0.05277292840747429
393.4844665527344,0.05328284501608629
393.605224609375,0.05277372731417852
393.7259521484375,0.05063438052963519
393.84661865234375,0.048813112153491385
393.9672546386719,0.04710429492136038
394.0878601074219,0.04663362107476417
394.2084045410156,0.04813683650277677
394.32891845703125,0.04764228253381424
394.44940185546875,0.04478706831960232
394.56982421875,0.04473816830165097
394.69024658203125,0.045120914029090534
394.8105773925781,0.043895597898207864
394.930908203125,0.044916545926698026
395.0511779785156,0.04541107889805597
395.1714172363281,0.04785998644984823
395.2915954589844,0.049846026708255685
395.4117736816406,0.04715299161366901
395.5318603515625,0.047106966727274636
395.6519470214844,0.0485893620693366
395.77197265625,0.04799048282416628
395.8919677734375,0.04669554989535372
396.0119323730469,0.046663480034330955
396.1318359375,0.04742469351284169
396.251708984375,0.0486176738057214
396.37152099609375,0.05101582746947545
396.4913330078125,0.050980423192496314
396.611083984375,0.04896159469034171
396.73077392578125,0.04683983836182327
396.8504638671875,0.04320188205557257
396.9700927734375,0.04112734851297695
397.08966064453125,0.04145766246274925
397.209228515625,0.04276058077975828
397.3287353515625,0.04668275159209197
397.4482116699219,0.04851619275300884
397.567626953125,0.04380917311806361
397.68701171875,0.040910906179834186
397.8063659667969,0.03833237428437545
397.9256591796875,0.03953524822221484
398.044921875,0.0418105866078183
398.1641540527344,0.046606762249989955
398.2833557128906,0.053176755211678875
398.4024963378906,0.057477934087956595
398.5216064453125,0.0595768147828479
398.6406555175781,0.05744504288418753
398.7596740722656,0.054016607757223035
398.878662109375,0.049348591989964365
398.99761962890625,0.042192431141313214
399.11651611328125,0.04083242671040486
399.2353820800781,0.04069853076624352
399.3542175292969,0.04324254577706066
399.4729919433594,0.045439457930166405
399.59173583984375,0.0483183730078191
399.71044921875,0.04927090445301245
399.8291015625,0.04718525001714173
399.9477233886719,0.04588445075158737
400.0663146972656,0.04372835142031109
400.1848449707031,0.043720308564770397
400.3033447265625,0.04560309870743954
400.42181396484375,0.04780607271888028
400.54022216796875,0.04963780182670425
400.65863037109375,0.04947004627781853
400.7769470214844,0.0480628394194585
400.895263671875,0.045962341512452404
401.0135192871094,0.0447206460136913
401.1317443847656,0.04357832864249435
401.2499084472656,0.042325340830328295
401.3680725097656,0.043169745500172683
401.4861755371094,0.044065866145733934
401.6042175292969,0.045037072806949394
401.72222900390625,0.04492689519813173
401.8402099609375,0.044421184046898265
401.9581604003906,0.04271146797890253
402.0760498046875,0.04125791202648541
402.1939392089844,0.03888053489582062
402.3117370605469,0.03786059174870794
402.4295349121094,0.038154284585631915
402.5472717285156,0.04126833050841463
402.66497802734375,0.04428015837133663
402.7826232910156,0.04445711290069242
402.9002380371094,0.043356334827995786
403.017822265625,0.04258712393495941
403.1353759765625,0.0412741091482297
403.25286865234375,0.04049928319631205
403.3703308105469,0.0405840118330456
403.48773193359375,0.042041006678552
403.6051330566406,0.04222556201395089
403.7224426269531,0.04078148610548755
403.8397521972656,0.03887400735036055
403.9570007324219,0.039206905213529014
404.0742492675781,0.0407548984271141
404.19140625,0.04022111767351991
404.3085632324219,0.04001030068839334
404.4256591796875,0.04023694690957737
404.542724609375,0.0388887222768974
404.65972900390625,0.03703147849517365
404.7767028808594,0.03610490481236876
404.8936462402344,0.040327813149085415
405.01055908203125,0.04464643139915845
405.1274108886719,0.04607115210899398
405.2442321777344,0.04590786804456106
405.3609924316406,0.04543899849829774
405.4777526855469,0.04408219483088412
405.5944519042969,0.040681846536244265
405.71112060546875,0.03800804804512026
405.8277282714844,0.03639623247177509
405.9443054199219,0.03716107753851455
406.06085205078125,0.040001667953324285
406.1773376464844,0.03902124289851946
406.2938232421875,0.03825942168188556
406.41021728515625,0.03781073381336918
406.526611328125,0.03688411156760771
406.6429443359375,0.03522436650023296
406.7592468261719,0.03643023182469268
406.8755187988281,0.03861255671133327
406.9917297363281,0.040411478479250446
407.10791015625,0.04265658852717922
407.22406005859375,0.041953334512428345
407.34014892578125,0.038408562834482254
407.4562072753906,0.0369971903065823
407.5722351074219,0.03613220976486025
407.688232421875,0.03569174552389094
407.8041687011719,0.03563084469322705
407.9200744628906,0.03750765112282301
408.03594970703125,0.03851815245218665
408.1517639160156,0.03928903701269777
408.2675476074219,0.038722528952573596
408.38330078125,0.03765557182102474
408.4989929199219,0.03814232790688632
408.6146545410156,0.039114220701889926
408.73028564453125,0.03831554015735304
408.8458557128906,0.03817649209875022
408.96142578125,0.03797125636657374
409.076904296875,0.03862470759294978
409.1923828125,0.03757979258765209
409.30780029296875,0.03641339818654752
409.4231872558594,0.03606735800360869
409.5385437011719,0.03742136620206404
409.65386962890625,0.03648377892798491
409.7691345214844,0.035567091776704834
409.88433837890625,0.036257690065388905
409.9995422363281,0.03708382416358299
410.11468505859375,0.03666954224625995
410.22979736328125,0.0364371497386178
410.3448791503906,0.03311844159369878
410.45989990234375,0.03042091155798744
410.57489013671875,0.029269795530311407
410.6898498535156,0.02913593381886982
410.80474853515625,0.030431455227483126
410.91961669921875,0.03357146060174524
411.0344543457031,0.0362970958362937
411.1492614746094,0.03703076219570129
411.2640075683594,0.03577512419481825
411.37872314453125,0.035385205392556136
411.493408203125,0.03422619221764281
411.6080322265625,0.034612290949484446
411.7226257324219,0.03411676309614818
411.8371887207031,0.032648822104758106
411.9516906738281,0.03149533856700952
412.0661926269531,0.031650091507678516
412.1806335449219,0.03295713513240398
412.2950134277344,0.0348657911207225
412.4093933105469,0.03650526242897274
412.5237121582031,0.03631797344288578
412.6379699707031,0.03589099230623838
412.7522277832031,0.03688375474098356
412.8664245605469,0.03662066827620799
412.9805908203125,0.03676138301089552
413.0946960449219,0.03815901784650884
413.20880126953125,0.0385012931018202
413.3228454589844,0.03844630939178171
413.4368591308594,0.03826820070558077
413.5508117675781,0.03468802079748451
413.66473388671875,0.030992436636785265
413.77862548828125,0.02935269407157378
413.8924865722656,0.02942107259327252
414.00628662109375,0.030461362921488447
414.12005615234375,0.033495679986988734
414.2337951660156,0.03444577986863809
414.34747314453125,0.03544743170912456
414.46112060546875,0.03369148990113468
414.5747375488281,0.030084433094077136
414.6883239746094,0.02914992276129035
414.8018493652344,0.03165328395662347
414.91534423828125,0.03313050759724704
415.02880859375,0.031402881378355105
415.1422119140625,0.031010622048454707
415.255615234375,0.03218493005994697
415.3689270019531,0.03243478231401778
415.48223876953125,0.03381397463897343
415.5954895019531,0.034076866810981474
415.7087097167969,0.036636836570883194
415.8218994140625,0.03642340770252759
415.93505859375,0.034197452090709665
416.04815673828125,0.0306449318746762
416.1612243652344,0.026799451190118576
416.2742614746094,0.026467195301564692
416.3872375488281,0.027067308627660876
416.50018310546875,0.029964880853492838
416.61309814453125,0.03173659197666479
416.7259521484375,0.03292517261152065
416.83880615234375,0.03291174865793073
416.95159912109375,0.03152333916980987
417.0643310546875,0.030438497106208186
417.17706298828125,0.028795870375423735
417.28973388671875,0.03149562054041005
417.4023742675781,0.03451270170345123
417.5149841308594,0.03478084161511409
417.6275329589844,0.03396891466315284
417.74005126953125,0.031597343061253724
417.8525390625,0.03132628447776517
417.9649658203125,0.02975480367923339
418.077392578125,0.02857677142875129
418.18975830078125,0.028951844113957848
418.30206298828125,0.03056277916156799
418.41436767578125,0.0318918693920635
418.526611328125,0.031248859463465936
418.6388244628906,0.029529591434916142
418.7510070800781,0.029665187714206627
418.8631286621094,0.030412692327431486
418.9752197265625,0.031407192530910705
419.0872802734375,0.030813292010654993
419.1993103027344,0.032011932709824685
419.311279296875,0.03221405844665345
419.4232177734375,0.03069205707069327
419.5351257324219,0.03118487401866234
419.64697265625,0.03103503260384744
419.7588195800781,0.02965439878196775
419.87060546875,0.028769666480158686
419.9823303222656,0.026281925089562938
420.09405517578125,0.025516627785108707
420.2057189941406,0.024603663201709515
420.3173522949219,0.023151243088193676
420.428955078125,0.021498173269605472
420.5404968261719,0.022941726093053318
420.6520080566406,0.02303635859992921
420.76348876953125,0.023016237557804037
420.87493896484375,0.02718704411292287
420.986328125,0.031927570355229515
421.0976867675781,0.03582207505245681
421.2090148925781,0.036809934338842144
421.3203125,0.03493830410906286
421.4315490722656,0.032023642176927866
421.5427551269531,0.0310520538773143
421.6539306640625,0.02952456575814736
421.76507568359375,0.02725153045553733
421.87615966796875,0.027494380804406648
421.9872131347656,0.028754696103671658
422.0982360839844,0.02974313297245483
422.2091979980469,0.0292609232023035
422.3201599121094,0.02909257301661209
422.4310607910156,0.029390812571016986
422.54193115234375,0.028704258344547335
422.6527404785156,0.027509675846445075
422.7635192871094,0.02409153542376069
422.8742980957031,0.025424954194439475
422.9849853515625,0.02928201579925707
423.0956726074219,0.03127495374738201
423.206298828125,0.030977728319622196
423.31689453125,0.02935050672562797
423.4274597167969,0.029192192354011704
423.5379943847656,0.028363526819633247
423.6484680175781,0.026798954414293946
423.7589111328125,0.025345879906192175
423.86932373046875,0.02446804994840319
423.97967529296875,0.025879342796948316
424.09002685546875,0.025339540378441303
424.2003173828125,0.02545218844219047
424.3105773925781,0.027137852397990485
424.4207763671875,0.027915032483091004
424.5309753417969,0.027843290433319016
424.64111328125,0.02595649764634097
424.751220703125,0.023994365006897618
424.86126708984375,0.024238010880787003
424.9713134765625,0.025415354836784875
425.081298828125,0.027139130021904368
425.1912536621094,0.028997491976860055
425.3011779785156,0.02963592576432217
425.4110412597656,0.029048255793490005
425.5208740234375,0.030039864068407675
425.63067626953125,0.03145180131860102
425.7404479980469,0.031086910511728294
425.8501892089844,0.029632236530483868
425.9598693847656,0.03057858473779016
426.06951904296875,0.030293943355375545
426.17913818359375,0.029983811126024534
426.2886962890625,0.028743288024174505
426.39825439453125,0.025883163968821656
426.50775146484375,0.02649749709868456
426.6172180175781,0.028798550732442134
426.72662353515625,0.029714703946681544
426.8360290527344,0.03440431707752224
426.94537353515625,0.040818228367789464
427.0546875,0.04807949905985752
427.1639709472656,0.05288178376652632
427.273193359375,0.05605581593945751
427.38238525390625,0.05589082785181026
427.4915466308594,0.055356317624456
427.6006774902344,0.052593861581753186
427.70977783203125,0.04714622756246515
427.8188171386719,0.042774162240165704
427.9278259277344,0.03943467246243518
428.03680419921875,0.03749829747280169
428.145751953125,0.0365139181340262
428.2546691894531,0.03454385296991697
428.363525390625,0.03403296871737106
428.47235107421875,0.033286463834010904
428.5811462402344,0.03265687598349537
428.68988037109375,0.030836069030076237
428.7986145019531,0.03040148778350826
428.90728759765625,0.02782908312146069
429.01593017578125,0.026551473145213195
429.1245422363281,0.027465718654288915
429.23309326171875,0.026540827458552275
429.34161376953125,0.024887051243107153
429.45013427734375,0.023895391638617876
429.5585632324219,0.02268377604734922
429.6669921875,0.021543892161520688
429.775390625,0.02107818221831577
429.88372802734375,0.02210551037700213
429.9920349121094,0.025688492021082202
430.1003112792969,0.03064832144716866
